rank,selector,model,mean_cv_score,std_cv_score,params
1,EmbeddedDTSelector,RandomForestClassifier,0.73368,0.00073,"{'model': RandomForestClassifier(random_state=42), 'model__class_weight': None, 'model__max_depth': None, 'model__min_samples_leaf': 5, 'model__n_estimators': 384, 'selector': EmbeddedDTSelector(verbose=False), 'selector__max_depth': 11, 'selector__soglia': 'median'}"
2,MutualInfoSelector,RandomForestClassifier,0.73347,0.00073,"{'model': RandomForestClassifier(random_state=42), 'model__class_weight': None, 'model__max_depth': None, 'model__min_samples_leaf': 4, 'model__n_estimators': 217, 'selector': MutualInfoSelector(verbose=False), 'selector__k': 36}"
3,AllFeaturesSelector,RandomForestClassifier,0.73333,0.00095,"{'model': RandomForestClassifier(random_state=42), 'model__class_weight': None, 'model__max_depth': None, 'model__min_samples_leaf': 3, 'model__n_estimators': 356, 'selector': AllFeaturesSelector()}"
4,AllFeaturesSelector,RandomForestClassifier,0.73299,0.00104,"{'model': RandomForestClassifier(random_state=42), 'model__class_weight': None, 'model__max_depth': 30, 'model__min_samples_leaf': 3, 'model__n_estimators': 103, 'selector': AllFeaturesSelector()}"
5,ReliefFSelector,RandomForestClassifier,0.73214,0.00053,"{'model': RandomForestClassifier(random_state=42), 'model__class_weight': None, 'model__max_depth': 20, 'model__min_samples_leaf': 3, 'model__n_estimators': 135, 'selector': ReliefFSelector(verbose=False), 'selector__k': 32, 'selector__n_neighbors': 6, 'selector__n_samples': 500}"
6,AllFeaturesSelector,RandomForestClassifier,0.73202,0.00089,"{'model': RandomForestClassifier(random_state=42), 'model__class_weight': None, 'model__max_depth': 30, 'model__min_samples_leaf': 6, 'model__n_estimators': 358, 'selector': AllFeaturesSelector()}"
7,ReliefFSelector,RandomForestClassifier,0.73199,0.0011,"{'model': RandomForestClassifier(random_state=42), 'model__class_weight': None, 'model__max_depth': 30, 'model__min_samples_leaf': 4, 'model__n_estimators': 363, 'selector': ReliefFSelector(verbose=False), 'selector__k': 28, 'selector__n_neighbors': 18, 'selector__n_samples': 2000}"
8,ReliefFSelector,RandomForestClassifier,0.73194,0.00066,"{'model': RandomForestClassifier(random_state=42), 'model__class_weight': None, 'model__max_depth': 30, 'model__min_samples_leaf': 2, 'model__n_estimators': 387, 'selector': ReliefFSelector(verbose=False), 'selector__k': 37, 'selector__n_neighbors': 19, 'selector__n_samples': 1000}"
9,ReliefFSelector,RandomForestClassifier,0.73184,0.00121,"{'model': RandomForestClassifier(random_state=42), 'model__class_weight': None, 'model__max_depth': None, 'model__min_samples_leaf': 6, 'model__n_estimators': 154, 'selector': ReliefFSelector(verbose=False), 'selector__k': 33, 'selector__n_neighbors': 12, 'selector__n_samples': 2000}"
10,MutualInfoSelector,RandomForestClassifier,0.73151,0.00065,"{'model': RandomForestClassifier(random_state=42), 'model__class_weight': None, 'model__max_depth': 20, 'model__min_samples_leaf': 3, 'model__n_estimators': 260, 'selector': MutualInfoSelector(verbose=False), 'selector__k': 20}"
11,MutualInfoSelector,RandomForestClassifier,0.73135,0.00149,"{'model': RandomForestClassifier(random_state=42), 'model__class_weight': None, 'model__max_depth': None, 'model__min_samples_leaf': 9, 'model__n_estimators': 390, 'selector': MutualInfoSelector(verbose=False), 'selector__k': 34}"
12,ReliefFSelector,RandomForestClassifier,0.73124,0.00062,"{'model': RandomForestClassifier(random_state=42), 'model__class_weight': None, 'model__max_depth': 20, 'model__min_samples_leaf': 9, 'model__n_estimators': 385, 'selector': ReliefFSelector(verbose=False), 'selector__k': 31, 'selector__n_neighbors': 5, 'selector__n_samples': 1000}"
13,ReliefFSelector,RandomForestClassifier,0.73108,0.00051,"{'model': RandomForestClassifier(random_state=42), 'model__class_weight': None, 'model__max_depth': 20, 'model__min_samples_leaf': 8, 'model__n_estimators': 255, 'selector': ReliefFSelector(verbose=False), 'selector__k': 35, 'selector__n_neighbors': 12, 'selector__n_samples': 1000}"
14,MutualInfoSelector,RandomForestClassifier,0.73011,0.00126,"{'model': RandomForestClassifier(random_state=42), 'model__class_weight': None, 'model__max_depth': None, 'model__min_samples_leaf': 9, 'model__n_estimators': 395, 'selector': MutualInfoSelector(verbose=False), 'selector__k': 22}"
15,EmbeddedDTSelector,RandomForestClassifier,0.72754,0.00133,"{'model': RandomForestClassifier(random_state=42), 'model__class_weight': None, 'model__max_depth': None, 'model__min_samples_leaf': 5, 'model__n_estimators': 177, 'selector': EmbeddedDTSelector(verbose=False), 'selector__max_depth': 16, 'selector__soglia': 'mean'}"
16,ReliefFSelector,RandomForestClassifier,0.72724,0.00113,"{'model': RandomForestClassifier(random_state=42), 'model__class_weight': None, 'model__max_depth': 30, 'model__min_samples_leaf': 7, 'model__n_estimators': 354, 'selector': ReliefFSelector(verbose=False), 'selector__k': 22, 'selector__n_neighbors': 10, 'selector__n_samples': 500}"
17,AllFeaturesSelector,RandomForestClassifier,0.72663,0.00048,"{'model': RandomForestClassifier(random_state=42), 'model__class_weight': 'balanced', 'model__max_depth': 30, 'model__min_samples_leaf': 1, 'model__n_estimators': 316, 'selector': AllFeaturesSelector()}"
18,AllFeaturesSelector,RandomForestClassifier,0.72628,0.00081,"{'model': RandomForestClassifier(random_state=42), 'model__class_weight': 'balanced', 'model__max_depth': None, 'model__min_samples_leaf': 1, 'model__n_estimators': 189, 'selector': AllFeaturesSelector()}"
19,SFSSelector,RandomForestClassifier,0.7262,0.00045,"{'model': RandomForestClassifier(random_state=42), 'model__class_weight': None, 'model__max_depth': 20, 'model__n_estimators': 208, 'selector': SFSSelector(verbose=False), 'selector__cv': 3, 'selector__k': 13, 'selector__max_depth_dt': 11}"
20,EmbeddedDTSelector,RandomForestClassifier,0.72595,0.00072,"{'model': RandomForestClassifier(random_state=42), 'model__class_weight': None, 'model__max_depth': 10, 'model__min_samples_leaf': 3, 'model__n_estimators': 112, 'selector': EmbeddedDTSelector(verbose=False), 'selector__max_depth': 19, 'selector__soglia': 'median'}"
21,EmbeddedDTSelector,RandomForestClassifier,0.72573,0.00163,"{'model': RandomForestClassifier(random_state=42), 'model__class_weight': None, 'model__max_depth': 10, 'model__min_samples_leaf': 4, 'model__n_estimators': 191, 'selector': EmbeddedDTSelector(verbose=False), 'selector__max_depth': 19, 'selector__soglia': 0.01}"
22,EmbeddedDTSelector,RandomForestClassifier,0.72551,0.00118,"{'model': RandomForestClassifier(random_state=42), 'model__class_weight': None, 'model__max_depth': 10, 'model__min_samples_leaf': 7, 'model__n_estimators': 226, 'selector': EmbeddedDTSelector(verbose=False), 'selector__max_depth': 16, 'selector__soglia': 0.01}"
23,MutualInfoSelector,RandomForestClassifier,0.72486,0.00085,"{'model': RandomForestClassifier(random_state=42), 'model__class_weight': None, 'model__max_depth': 10, 'model__min_samples_leaf': 9, 'model__n_estimators': 196, 'selector': MutualInfoSelector(verbose=False), 'selector__k': 19}"
24,ReliefFSelector,RandomForestClassifier,0.72484,0.00162,"{'model': RandomForestClassifier(random_state=42), 'model__class_weight': None, 'model__max_depth': 20, 'model__min_samples_leaf': 3, 'model__n_estimators': 261, 'selector': ReliefFSelector(verbose=False), 'selector__k': 15, 'selector__n_neighbors': 11, 'selector__n_samples': 2000}"
25,MutualInfoSelector,RandomForestClassifier,0.72418,0.00061,"{'model': RandomForestClassifier(random_state=42), 'model__class_weight': None, 'model__max_depth': 10, 'model__min_samples_leaf': 5, 'model__n_estimators': 366, 'selector': MutualInfoSelector(verbose=False), 'selector__k': 22}"
26,EmbeddedDTSelector,RandomForestClassifier,0.72417,0.0021,"{'model': RandomForestClassifier(random_state=42), 'model__class_weight': None, 'model__max_depth': 10, 'model__min_samples_leaf': 9, 'model__n_estimators': 127, 'selector': EmbeddedDTSelector(verbose=False), 'selector__max_depth': 14, 'selector__soglia': 'mean'}"
27,SFSSelector,RandomForestClassifier,0.72377,0.00125,"{'model': RandomForestClassifier(random_state=42), 'model__class_weight': None, 'model__max_depth': 10, 'model__n_estimators': 143, 'selector': SFSSelector(verbose=False), 'selector__cv': 3, 'selector__k': 19, 'selector__max_depth_dt': 10}"
28,SFSSelector,RandomForestClassifier,0.72374,0.00461,"{'model': RandomForestClassifier(random_state=42), 'model__class_weight': None, 'model__max_depth': 20, 'model__n_estimators': 248, 'selector': SFSSelector(verbose=False), 'selector__cv': 3, 'selector__k': 15, 'selector__max_depth_dt': 9}"
29,SFSSelector,RandomForestClassifier,0.72227,0.00259,"{'model': RandomForestClassifier(random_state=42), 'model__class_weight': None, 'model__max_depth': 10, 'model__n_estimators': 289, 'selector': SFSSelector(verbose=False), 'selector__cv': 3, 'selector__k': 23, 'selector__max_depth_dt': 6}"
30,AllFeaturesSelector,RandomForestClassifier,0.72226,0.00032,"{'model': RandomForestClassifier(random_state=42), 'model__class_weight': None, 'model__max_depth': 10, 'model__min_samples_leaf': 6, 'model__n_estimators': 358, 'selector': AllFeaturesSelector()}"
31,EmbeddedDTSelector,RandomForestClassifier,0.7203,0.00068,"{'model': RandomForestClassifier(random_state=42), 'model__class_weight': 'balanced', 'model__max_depth': 20, 'model__min_samples_leaf': 1, 'model__n_estimators': 103, 'selector': EmbeddedDTSelector(verbose=False), 'selector__max_depth': 15, 'selector__soglia': 'median'}"
32,AllFeaturesSelector,AdaBoostClassifier,0.72029,0.00161,"{'model': AdaBoostClassifier(random_state=42), 'model__estimator': DecisionTreeClassifier(max_depth=3), 'model__learning_rate': 0.1, 'model__n_estimators': 288, 'selector': AllFeaturesSelector()}"
33,AllFeaturesSelector,AdaBoostClassifier,0.71994,0.00136,"{'model': AdaBoostClassifier(random_state=42), 'model__estimator': DecisionTreeClassifier(max_depth=3), 'model__learning_rate': 0.1, 'model__n_estimators': 252, 'selector': AllFeaturesSelector()}"
34,MutualInfoSelector,AdaBoostClassifier,0.71967,0.00137,"{'model': AdaBoostClassifier(random_state=42), 'model__estimator': DecisionTreeClassifier(max_depth=3), 'model__learning_rate': 0.1, 'model__n_estimators': 251, 'selector': MutualInfoSelector(verbose=False), 'selector__k': 33}"
35,MutualInfoSelector,AdaBoostClassifier,0.71929,0.00107,"{'model': AdaBoostClassifier(random_state=42), 'model__estimator': DecisionTreeClassifier(max_depth=3), 'model__learning_rate': 0.1, 'model__n_estimators': 226, 'selector': MutualInfoSelector(verbose=False), 'selector__k': 27}"
36,AllFeaturesSelector,AdaBoostClassifier,0.71916,0.00174,"{'model': AdaBoostClassifier(random_state=42), 'model__estimator': DecisionTreeClassifier(max_depth=3), 'model__learning_rate': 0.1, 'model__n_estimators': 142, 'selector': AllFeaturesSelector()}"
37,AllFeaturesSelector,AdaBoostClassifier,0.71893,0.00067,"{'model': AdaBoostClassifier(random_state=42), 'model__estimator': DecisionTreeClassifier(max_depth=3), 'model__learning_rate': 0.05, 'model__n_estimators': 111, 'selector': AllFeaturesSelector()}"
38,SFSSelector,AdaBoostClassifier,0.71889,0.00162,"{'model': AdaBoostClassifier(random_state=42), 'model__estimator': DecisionTreeClassifier(max_depth=3), 'model__learning_rate': 0.05, 'model__n_estimators': 299, 'selector': SFSSelector(verbose=False), 'selector__cv': 3, 'selector__k': 15, 'selector__max_depth_dt': 10}"
39,EmbeddedDTSelector,AdaBoostClassifier,0.71829,0.00148,"{'model': AdaBoostClassifier(random_state=42), 'model__estimator': DecisionTreeClassifier(max_depth=3), 'model__learning_rate': 0.1, 'model__n_estimators': 157, 'selector': EmbeddedDTSelector(verbose=False), 'selector__max_depth': 14, 'selector__soglia': 0.01}"
40,EmbeddedDTSelector,AdaBoostClassifier,0.71827,0.00157,"{'model': AdaBoostClassifier(random_state=42), 'model__estimator': DecisionTreeClassifier(max_depth=3), 'model__learning_rate': 0.1, 'model__n_estimators': 292, 'selector': EmbeddedDTSelector(verbose=False), 'selector__max_depth': 8, 'selector__soglia': 0.005}"
41,SFSSelector,RandomForestClassifier,0.71792,0.00371,"{'model': RandomForestClassifier(random_state=42), 'model__class_weight': None, 'model__max_depth': 20, 'model__n_estimators': 200, 'selector': SFSSelector(verbose=False), 'selector__cv': 3, 'selector__k': 12, 'selector__max_depth_dt': 5}"
42,ReliefFSelector,AdaBoostClassifier,0.71769,0.00121,"{'model': AdaBoostClassifier(random_state=42), 'model__estimator': DecisionTreeClassifier(max_depth=3), 'model__learning_rate': 0.1, 'model__n_estimators': 167, 'selector': ReliefFSelector(verbose=False), 'selector__k': 30, 'selector__n_neighbors': 12, 'selector__n_samples': 500}"
43,EmbeddedDTSelector,AdaBoostClassifier,0.71755,0.00087,"{'model': AdaBoostClassifier(random_state=42), 'model__estimator': DecisionTreeClassifier(max_depth=3), 'model__learning_rate': 0.05, 'model__n_estimators': 218, 'selector': EmbeddedDTSelector(verbose=False), 'selector__max_depth': 12, 'selector__soglia': 0.01}"
44,SFSSelector,AdaBoostClassifier,0.71744,0.00112,"{'model': AdaBoostClassifier(random_state=42), 'model__estimator': DecisionTreeClassifier(max_depth=3), 'model__learning_rate': 0.5, 'model__n_estimators': 274, 'selector': SFSSelector(verbose=False), 'selector__cv': 3, 'selector__k': 24, 'selector__max_depth_dt': 9}"
45,EmbeddedDTSelector,AdaBoostClassifier,0.7174,0.00153,"{'model': AdaBoostClassifier(random_state=42), 'model__estimator': DecisionTreeClassifier(max_depth=3), 'model__learning_rate': 0.1, 'model__n_estimators': 231, 'selector': EmbeddedDTSelector(verbose=False), 'selector__max_depth': 15, 'selector__soglia': 'mean'}"
46,MutualInfoSelector,AdaBoostClassifier,0.71717,0.00134,"{'model': AdaBoostClassifier(random_state=42), 'model__estimator': DecisionTreeClassifier(max_depth=3), 'model__learning_rate': 0.5, 'model__n_estimators': 232, 'selector': MutualInfoSelector(verbose=False), 'selector__k': 25}"
47,SFSSelector,AdaBoostClassifier,0.71698,0.001,"{'model': AdaBoostClassifier(random_state=42), 'model__estimator': DecisionTreeClassifier(max_depth=3), 'model__learning_rate': 0.05, 'model__n_estimators': 77, 'selector': SFSSelector(verbose=False), 'selector__cv': 2, 'selector__k': 23, 'selector__max_depth_dt': 6}"
48,SFSSelector,AdaBoostClassifier,0.71681,0.00105,"{'model': AdaBoostClassifier(random_state=42), 'model__estimator': DecisionTreeClassifier(max_depth=3), 'model__learning_rate': 0.05, 'model__n_estimators': 91, 'selector': SFSSelector(verbose=False), 'selector__cv': 3, 'selector__k': 22, 'selector__max_depth_dt': 7}"
49,ReliefFSelector,AdaBoostClassifier,0.71664,0.00119,"{'model': AdaBoostClassifier(random_state=42), 'model__estimator': DecisionTreeClassifier(max_depth=3), 'model__learning_rate': 0.01, 'model__n_estimators': 295, 'selector': ReliefFSelector(verbose=False), 'selector__k': 36, 'selector__n_neighbors': 15, 'selector__n_samples': 1000}"
50,EmbeddedDTSelector,AdaBoostClassifier,0.71663,0.00136,"{'model': AdaBoostClassifier(random_state=42), 'model__estimator': DecisionTreeClassifier(max_depth=3), 'model__learning_rate': 0.5, 'model__n_estimators': 285, 'selector': EmbeddedDTSelector(verbose=False), 'selector__max_depth': 11, 'selector__soglia': 0.01}"
51,EmbeddedDTSelector,AdaBoostClassifier,0.71663,0.00138,"{'model': AdaBoostClassifier(random_state=42), 'model__estimator': DecisionTreeClassifier(max_depth=3), 'model__learning_rate': 0.5, 'model__n_estimators': 299, 'selector': EmbeddedDTSelector(verbose=False), 'selector__max_depth': 13, 'selector__soglia': 0.01}"
52,AllFeaturesSelector,AdaBoostClassifier,0.71661,0.00114,"{'model': AdaBoostClassifier(random_state=42), 'model__estimator': DecisionTreeClassifier(max_depth=3), 'model__learning_rate': 0.05, 'model__n_estimators': 61, 'selector': AllFeaturesSelector()}"
53,AllFeaturesSelector,AdaBoostClassifier,0.71653,0.00063,"{'model': AdaBoostClassifier(random_state=42), 'model__estimator': DecisionTreeClassifier(max_depth=3), 'model__learning_rate': 0.5, 'model__n_estimators': 69, 'selector': AllFeaturesSelector()}"
54,ReliefFSelector,AdaBoostClassifier,0.71623,0.00123,"{'model': AdaBoostClassifier(random_state=42), 'model__estimator': DecisionTreeClassifier(max_depth=3), 'model__learning_rate': 0.5, 'model__n_estimators': 255, 'selector': ReliefFSelector(verbose=False), 'selector__k': 34, 'selector__n_neighbors': 7, 'selector__n_samples': 1000}"
55,ReliefFSelector,AdaBoostClassifier,0.71622,0.0013,"{'model': AdaBoostClassifier(random_state=42), 'model__estimator': DecisionTreeClassifier(max_depth=3), 'model__learning_rate': 0.5, 'model__n_estimators': 162, 'selector': ReliefFSelector(verbose=False), 'selector__k': 39, 'selector__n_neighbors': 12, 'selector__n_samples': 500}"
56,MutualInfoSelector,AdaBoostClassifier,0.71582,0.00123,"{'model': AdaBoostClassifier(random_state=42), 'model__estimator': DecisionTreeClassifier(max_depth=3), 'model__learning_rate': 0.01, 'model__n_estimators': 243, 'selector': MutualInfoSelector(verbose=False), 'selector__k': 29}"
57,AllFeaturesSelector,RandomForestClassifier,0.71572,0.00139,"{'model': RandomForestClassifier(random_state=42), 'model__class_weight': 'balanced', 'model__max_depth': 30, 'model__min_samples_leaf': 2, 'model__n_estimators': 214, 'selector': AllFeaturesSelector()}"
58,SFSSelector,AdaBoostClassifier,0.71562,0.00249,"{'model': AdaBoostClassifier(random_state=42), 'model__estimator': DecisionTreeClassifier(max_depth=3), 'model__learning_rate': 0.05, 'model__n_estimators': 160, 'selector': SFSSelector(verbose=False), 'selector__cv': 3, 'selector__k': 17, 'selector__max_depth_dt': 5}"
59,EmbeddedDTSelector,AdaBoostClassifier,0.71557,0.00156,"{'model': AdaBoostClassifier(random_state=42), 'model__estimator': DecisionTreeClassifier(max_depth=1), 'model__learning_rate': 1.0, 'model__n_estimators': 279, 'selector': EmbeddedDTSelector(verbose=False), 'selector__max_depth': 14, 'selector__soglia': 0.02}"
60,ReliefFSelector,AdaBoostClassifier,0.71547,0.00138,"{'model': AdaBoostClassifier(random_state=42), 'model__estimator': DecisionTreeClassifier(max_depth=3), 'model__learning_rate': 0.5, 'model__n_estimators': 107, 'selector': ReliefFSelector(verbose=False), 'selector__k': 35, 'selector__n_neighbors': 6, 'selector__n_samples': 500}"
61,MutualInfoSelector,AdaBoostClassifier,0.71522,0.00016,"{'model': AdaBoostClassifier(random_state=42), 'model__estimator': DecisionTreeClassifier(max_depth=2), 'model__learning_rate': 0.1, 'model__n_estimators': 289, 'selector': MutualInfoSelector(verbose=False), 'selector__k': 30}"
62,MutualInfoSelector,AdaBoostClassifier,0.71517,0.00138,"{'model': AdaBoostClassifier(random_state=42), 'model__estimator': DecisionTreeClassifier(max_depth=2), 'model__learning_rate': 0.5, 'model__n_estimators': 136, 'selector': MutualInfoSelector(verbose=False), 'selector__k': 35}"
63,ReliefFSelector,AdaBoostClassifier,0.71512,0.00168,"{'model': AdaBoostClassifier(random_state=42), 'model__estimator': DecisionTreeClassifier(max_depth=2), 'model__learning_rate': 1.0, 'model__n_estimators': 274, 'selector': ReliefFSelector(verbose=False), 'selector__k': 33, 'selector__n_neighbors': 14, 'selector__n_samples': 2000}"
64,SFSSelector,AdaBoostClassifier,0.71493,0.00067,"{'model': AdaBoostClassifier(random_state=42), 'model__estimator': DecisionTreeClassifier(max_depth=1), 'model__learning_rate': 1.0, 'model__n_estimators': 296, 'selector': SFSSelector(verbose=False), 'selector__cv': 2, 'selector__k': 21, 'selector__max_depth_dt': 6}"
65,EmbeddedDTSelector,KNeighborsClassifier,0.71491,0.00069,"{'model': KNeighborsClassifier(), 'model__leaf_size': 41, 'model__metric': 'manhattan', 'model__n_neighbors': 20, 'model__weights': 'uniform', 'selector': EmbeddedDTSelector(verbose=False), 'selector__max_depth': 8, 'selector__soglia': 'mean'}"
66,AllFeaturesSelector,AdaBoostClassifier,0.71491,0.00026,"{'model': AdaBoostClassifier(random_state=42), 'model__estimator': DecisionTreeClassifier(max_depth=3), 'model__learning_rate': 1.0, 'model__n_estimators': 284, 'selector': AllFeaturesSelector()}"
67,AllFeaturesSelector,AdaBoostClassifier,0.71448,0.00052,"{'model': AdaBoostClassifier(random_state=42), 'model__estimator': DecisionTreeClassifier(max_depth=2), 'model__learning_rate': 0.1, 'model__n_estimators': 264, 'selector': AllFeaturesSelector()}"
68,EmbeddedDTSelector,AdaBoostClassifier,0.71424,0.00113,"{'model': AdaBoostClassifier(random_state=42), 'model__estimator': DecisionTreeClassifier(max_depth=2), 'model__learning_rate': 0.1, 'model__n_estimators': 242, 'selector': EmbeddedDTSelector(verbose=False), 'selector__max_depth': 10, 'selector__soglia': 0.02}"
69,ReliefFSelector,AdaBoostClassifier,0.71422,0.00144,"{'model': AdaBoostClassifier(random_state=42), 'model__estimator': DecisionTreeClassifier(max_depth=3), 'model__learning_rate': 0.01, 'model__n_estimators': 178, 'selector': ReliefFSelector(verbose=False), 'selector__k': 39, 'selector__n_neighbors': 15, 'selector__n_samples': 1000}"
70,AllFeaturesSelector,AdaBoostClassifier,0.71408,0.00158,"{'model': AdaBoostClassifier(random_state=42), 'model__estimator': DecisionTreeClassifier(max_depth=3), 'model__learning_rate': 0.01, 'model__n_estimators': 168, 'selector': AllFeaturesSelector()}"
71,EmbeddedDTSelector,AdaBoostClassifier,0.71407,0.00166,"{'model': AdaBoostClassifier(random_state=42), 'model__estimator': DecisionTreeClassifier(max_depth=2), 'model__learning_rate': 0.1, 'model__n_estimators': 173, 'selector': EmbeddedDTSelector(verbose=False), 'selector__max_depth': 8, 'selector__soglia': 'mean'}"
72,EmbeddedDTSelector,AdaBoostClassifier,0.71398,0.00242,"{'model': AdaBoostClassifier(random_state=42), 'model__estimator': DecisionTreeClassifier(max_depth=2), 'model__learning_rate': 0.1, 'model__n_estimators': 262, 'selector': EmbeddedDTSelector(verbose=False), 'selector__max_depth': 12, 'selector__soglia': 0.02}"
73,EmbeddedDTSelector,AdaBoostClassifier,0.71382,0.00229,"{'model': AdaBoostClassifier(random_state=42), 'model__estimator': DecisionTreeClassifier(max_depth=2), 'model__learning_rate': 1.0, 'model__n_estimators': 95, 'selector': EmbeddedDTSelector(verbose=False), 'selector__max_depth': 12, 'selector__soglia': 0.005}"
74,ReliefFSelector,KNeighborsClassifier,0.71377,0.00053,"{'model': KNeighborsClassifier(), 'model__leaf_size': 29, 'model__metric': 'euclidean', 'model__n_neighbors': 20, 'model__weights': 'uniform', 'selector': ReliefFSelector(verbose=False), 'selector__k': 16, 'selector__n_neighbors': 9, 'selector__n_samples': 500}"
75,SFSSelector,AdaBoostClassifier,0.71352,0.00186,"{'model': AdaBoostClassifier(random_state=42), 'model__estimator': DecisionTreeClassifier(max_depth=2), 'model__learning_rate': 0.05, 'model__n_estimators': 176, 'selector': SFSSelector(verbose=False), 'selector__cv': 2, 'selector__k': 19, 'selector__max_depth_dt': 6}"
76,AllFeaturesSelector,AdaBoostClassifier,0.71341,0.00046,"{'model': AdaBoostClassifier(random_state=42), 'model__estimator': DecisionTreeClassifier(max_depth=2), 'model__learning_rate': 0.1, 'model__n_estimators': 184, 'selector': AllFeaturesSelector()}"
77,SFSSelector,KNeighborsClassifier,0.71338,0.00188,"{'model': KNeighborsClassifier(), 'model__metric': 'manhattan', 'model__n_neighbors': 19, 'model__weights': 'uniform', 'selector': SFSSelector(verbose=False), 'selector__cv': 2, 'selector__k': 23, 'selector__max_depth_dt': 7}"
78,EmbeddedDTSelector,AdaBoostClassifier,0.71327,0.00081,"{'model': AdaBoostClassifier(random_state=42), 'model__estimator': DecisionTreeClassifier(max_depth=2), 'model__learning_rate': 1.0, 'model__n_estimators': 57, 'selector': EmbeddedDTSelector(verbose=False), 'selector__max_depth': 8, 'selector__soglia': 'mean'}"
79,EmbeddedDTSelector,AdaBoostClassifier,0.71312,0.00196,"{'model': AdaBoostClassifier(random_state=42), 'model__estimator': DecisionTreeClassifier(max_depth=2), 'model__learning_rate': 1.0, 'model__n_estimators': 169, 'selector': EmbeddedDTSelector(verbose=False), 'selector__max_depth': 18, 'selector__soglia': 'mean'}"
80,AllFeaturesSelector,AdaBoostClassifier,0.71311,0.00091,"{'model': AdaBoostClassifier(random_state=42), 'model__estimator': DecisionTreeClassifier(max_depth=2), 'model__learning_rate': 0.05, 'model__n_estimators': 278, 'selector': AllFeaturesSelector()}"
81,SFSSelector,KNeighborsClassifier,0.71303,0.00201,"{'model': KNeighborsClassifier(), 'model__metric': 'manhattan', 'model__n_neighbors': 21, 'model__weights': 'uniform', 'selector': SFSSelector(verbose=False), 'selector__cv': 3, 'selector__k': 10, 'selector__max_depth_dt': 9}"
82,SFSSelector,AdaBoostClassifier,0.71301,0.00099,"{'model': AdaBoostClassifier(random_state=42), 'model__estimator': DecisionTreeClassifier(max_depth=3), 'model__learning_rate': 0.01, 'model__n_estimators': 202, 'selector': SFSSelector(verbose=False), 'selector__cv': 2, 'selector__k': 10, 'selector__max_depth_dt': 11}"
83,SFSSelector,KNeighborsClassifier,0.71299,0.00186,"{'model': KNeighborsClassifier(), 'model__metric': 'manhattan', 'model__n_neighbors': 18, 'model__weights': 'uniform', 'selector': SFSSelector(verbose=False), 'selector__cv': 3, 'selector__k': 22, 'selector__max_depth_dt': 9}"
84,EmbeddedDTSelector,AdaBoostClassifier,0.71291,0.00235,"{'model': AdaBoostClassifier(random_state=42), 'model__estimator': DecisionTreeClassifier(max_depth=3), 'model__learning_rate': 1.0, 'model__n_estimators': 153, 'selector': EmbeddedDTSelector(verbose=False), 'selector__max_depth': 8, 'selector__soglia': 'mean'}"
85,ReliefFSelector,AdaBoostClassifier,0.71283,0.00086,"{'model': AdaBoostClassifier(random_state=42), 'model__estimator': DecisionTreeClassifier(max_depth=2), 'model__learning_rate': 1.0, 'model__n_estimators': 250, 'selector': ReliefFSelector(verbose=False), 'selector__k': 38, 'selector__n_neighbors': 7, 'selector__n_samples': 500}"
86,AllFeaturesSelector,AdaBoostClassifier,0.71282,0.0009,"{'model': AdaBoostClassifier(random_state=42), 'model__estimator': DecisionTreeClassifier(max_depth=2), 'model__learning_rate': 0.5, 'model__n_estimators': 64, 'selector': AllFeaturesSelector()}"
87,MutualInfoSelector,AdaBoostClassifier,0.71232,0.00137,"{'model': AdaBoostClassifier(random_state=42), 'model__estimator': DecisionTreeClassifier(max_depth=2), 'model__learning_rate': 0.5, 'model__n_estimators': 68, 'selector': MutualInfoSelector(verbose=False), 'selector__k': 34}"
88,EmbeddedDTSelector,KNeighborsClassifier,0.71214,0.00179,"{'model': KNeighborsClassifier(), 'model__leaf_size': 40, 'model__metric': 'manhattan', 'model__n_neighbors': 23, 'model__weights': 'uniform', 'selector': EmbeddedDTSelector(verbose=False), 'selector__max_depth': 16, 'selector__soglia': 0.02}"
89,AllFeaturesSelector,AdaBoostClassifier,0.7121,0.00024,"{'model': AdaBoostClassifier(random_state=42), 'model__estimator': DecisionTreeClassifier(max_depth=1), 'model__learning_rate': 0.5, 'model__n_estimators': 256, 'selector': AllFeaturesSelector()}"
90,SFSSelector,AdaBoostClassifier,0.71199,0.001,"{'model': AdaBoostClassifier(random_state=42), 'model__estimator': DecisionTreeClassifier(max_depth=1), 'model__learning_rate': 1.0, 'model__n_estimators': 148, 'selector': SFSSelector(verbose=False), 'selector__cv': 3, 'selector__k': 18, 'selector__max_depth_dt': 8}"
91,ReliefFSelector,KNeighborsClassifier,0.71195,0.00153,"{'model': KNeighborsClassifier(), 'model__leaf_size': 20, 'model__metric': 'manhattan', 'model__n_neighbors': 22, 'model__weights': 'uniform', 'selector': ReliefFSelector(verbose=False), 'selector__k': 31, 'selector__n_neighbors': 12, 'selector__n_samples': 1000}"
92,SFSSelector,AdaBoostClassifier,0.71191,0.00098,"{'model': AdaBoostClassifier(random_state=42), 'model__estimator': DecisionTreeClassifier(max_depth=3), 'model__learning_rate': 0.01, 'model__n_estimators': 101, 'selector': SFSSelector(verbose=False), 'selector__cv': 2, 'selector__k': 13, 'selector__max_depth_dt': 10}"
93,ReliefFSelector,AdaBoostClassifier,0.71186,0.00062,"{'model': AdaBoostClassifier(random_state=42), 'model__estimator': DecisionTreeClassifier(max_depth=1), 'model__learning_rate': 1.0, 'model__n_estimators': 261, 'selector': ReliefFSelector(verbose=False), 'selector__k': 27, 'selector__n_neighbors': 16, 'selector__n_samples': 500}"
94,EmbeddedDTSelector,AdaBoostClassifier,0.7118,0.00055,"{'model': AdaBoostClassifier(random_state=42), 'model__estimator': DecisionTreeClassifier(max_depth=1), 'model__learning_rate': 1.0, 'model__n_estimators': 144, 'selector': EmbeddedDTSelector(verbose=False), 'selector__max_depth': 12, 'selector__soglia': 0.005}"
95,MutualInfoSelector,AdaBoostClassifier,0.71179,0.00113,"{'model': AdaBoostClassifier(random_state=42), 'model__estimator': DecisionTreeClassifier(max_depth=2), 'model__learning_rate': 0.05, 'model__n_estimators': 147, 'selector': MutualInfoSelector(verbose=False), 'selector__k': 32}"
96,SFSSelector,AdaBoostClassifier,0.71171,0.00114,"{'model': AdaBoostClassifier(random_state=42), 'model__estimator': DecisionTreeClassifier(max_depth=2), 'model__learning_rate': 0.1, 'model__n_estimators': 189, 'selector': SFSSelector(verbose=False), 'selector__cv': 3, 'selector__k': 22, 'selector__max_depth_dt': 10}"
97,EmbeddedDTSelector,AdaBoostClassifier,0.71152,0.00166,"{'model': AdaBoostClassifier(random_state=42), 'model__estimator': DecisionTreeClassifier(max_depth=1), 'model__learning_rate': 1.0, 'model__n_estimators': 73, 'selector': EmbeddedDTSelector(verbose=False), 'selector__max_depth': 8, 'selector__soglia': 0.02}"
98,EmbeddedDTSelector,KNeighborsClassifier,0.71119,0.00074,"{'model': KNeighborsClassifier(), 'model__leaf_size': 28, 'model__metric': 'manhattan', 'model__n_neighbors': 17, 'model__weights': 'uniform', 'selector': EmbeddedDTSelector(verbose=False), 'selector__max_depth': 13, 'selector__soglia': 0.005}"
99,AllFeaturesSelector,AdaBoostClassifier,0.71098,0.00076,"{'model': AdaBoostClassifier(random_state=42), 'model__estimator': DecisionTreeClassifier(max_depth=3), 'model__learning_rate': 1.0, 'model__n_estimators': 85, 'selector': AllFeaturesSelector()}"
100,MutualInfoSelector,KNeighborsClassifier,0.71079,0.002,"{'model': KNeighborsClassifier(), 'model__leaf_size': 42, 'model__metric': 'euclidean', 'model__n_neighbors': 23, 'model__weights': 'uniform', 'selector': MutualInfoSelector(verbose=False), 'selector__k': 24}"
100,MutualInfoSelector,KNeighborsClassifier,0.71079,0.002,"{'model': KNeighborsClassifier(), 'model__leaf_size': 34, 'model__metric': 'euclidean', 'model__n_neighbors': 23, 'model__weights': 'uniform', 'selector': MutualInfoSelector(verbose=False), 'selector__k': 24}"
102,SFSSelector,RandomForestClassifier,0.71062,0.00275,"{'model': RandomForestClassifier(random_state=42), 'model__class_weight': 'balanced', 'model__max_depth': 20, 'model__n_estimators': 278, 'selector': SFSSelector(verbose=False), 'selector__cv': 2, 'selector__k': 17, 'selector__max_depth_dt': 7}"
103,EmbeddedDTSelector,KNeighborsClassifier,0.71046,0.0032,"{'model': KNeighborsClassifier(), 'model__leaf_size': 27, 'model__metric': 'manhattan', 'model__n_neighbors': 21, 'model__weights': 'uniform', 'selector': EmbeddedDTSelector(verbose=False), 'selector__max_depth': 19, 'selector__soglia': 0.02}"
104,SFSSelector,RandomForestClassifier,0.71041,0.00327,"{'model': RandomForestClassifier(random_state=42), 'model__class_weight': None, 'model__max_depth': None, 'model__n_estimators': 167, 'selector': SFSSelector(verbose=False), 'selector__cv': 2, 'selector__k': 23, 'selector__max_depth_dt': 9}"
105,SFSSelector,RandomForestClassifier,0.7102,0.00196,"{'model': RandomForestClassifier(random_state=42), 'model__class_weight': 'balanced', 'model__max_depth': 20, 'model__n_estimators': 194, 'selector': SFSSelector(verbose=False), 'selector__cv': 2, 'selector__k': 12, 'selector__max_depth_dt': 8}"
106,SFSSelector,KNeighborsClassifier,0.70999,0.00257,"{'model': KNeighborsClassifier(), 'model__metric': 'euclidean', 'model__n_neighbors': 21, 'model__weights': 'uniform', 'selector': SFSSelector(verbose=False), 'selector__cv': 3, 'selector__k': 13, 'selector__max_depth_dt': 5}"
107,ReliefFSelector,AdaBoostClassifier,0.70979,0.00132,"{'model': AdaBoostClassifier(random_state=42), 'model__estimator': DecisionTreeClassifier(max_depth=2), 'model__learning_rate': 0.05, 'model__n_estimators': 116, 'selector': ReliefFSelector(verbose=False), 'selector__k': 22, 'selector__n_neighbors': 18, 'selector__n_samples': 1000}"
108,MutualInfoSelector,AdaBoostClassifier,0.70963,0.00077,"{'model': AdaBoostClassifier(random_state=42), 'model__estimator': DecisionTreeClassifier(max_depth=2), 'model__learning_rate': 0.05, 'model__n_estimators': 94, 'selector': MutualInfoSelector(verbose=False), 'selector__k': 39}"
109,MutualInfoSelector,KNeighborsClassifier,0.70948,0.00064,"{'model': KNeighborsClassifier(), 'model__leaf_size': 33, 'model__metric': 'manhattan', 'model__n_neighbors': 13, 'model__weights': 'uniform', 'selector': MutualInfoSelector(verbose=False), 'selector__k': 21}"
110,AllFeaturesSelector,AdaBoostClassifier,0.70927,0.0014,"{'model': AdaBoostClassifier(random_state=42), 'model__estimator': DecisionTreeClassifier(max_depth=2), 'model__learning_rate': 0.01, 'model__n_estimators': 280, 'selector': AllFeaturesSelector()}"
111,EmbeddedDTSelector,AdaBoostClassifier,0.70912,0.00174,"{'model': AdaBoostClassifier(random_state=42), 'model__estimator': DecisionTreeClassifier(max_depth=2), 'model__learning_rate': 0.05, 'model__n_estimators': 109, 'selector': EmbeddedDTSelector(verbose=False), 'selector__max_depth': 9, 'selector__soglia': 0.01}"
112,ReliefFSelector,AdaBoostClassifier,0.70902,0.00305,"{'model': AdaBoostClassifier(random_state=42), 'model__estimator': DecisionTreeClassifier(max_depth=2), 'model__learning_rate': 0.1, 'model__n_estimators': 87, 'selector': ReliefFSelector(verbose=False), 'selector__k': 16, 'selector__n_neighbors': 11, 'selector__n_samples': 1000}"
113,ReliefFSelector,RandomForestClassifier,0.70895,0.00776,"{'model': RandomForestClassifier(random_state=42), 'model__class_weight': None, 'model__max_depth': 30, 'model__min_samples_leaf': 1, 'model__n_estimators': 225, 'selector': ReliefFSelector(verbose=False), 'selector__k': 16, 'selector__n_neighbors': 9, 'selector__n_samples': 1000}"
114,MutualInfoSelector,AdaBoostClassifier,0.70882,0.00094,"{'model': AdaBoostClassifier(random_state=42), 'model__estimator': DecisionTreeClassifier(max_depth=1), 'model__learning_rate': 0.5, 'model__n_estimators': 79, 'selector': MutualInfoSelector(verbose=False), 'selector__k': 37}"
115,MutualInfoSelector,AdaBoostClassifier,0.70853,0.00171,"{'model': AdaBoostClassifier(random_state=42), 'model__estimator': DecisionTreeClassifier(max_depth=2), 'model__learning_rate': 0.05, 'model__n_estimators': 53, 'selector': MutualInfoSelector(verbose=False), 'selector__k': 36}"
116,MutualInfoSelector,KNeighborsClassifier,0.7084,0.00095,"{'model': KNeighborsClassifier(), 'model__leaf_size': 43, 'model__metric': 'manhattan', 'model__n_neighbors': 15, 'model__weights': 'uniform', 'selector': MutualInfoSelector(verbose=False), 'selector__k': 29}"
117,SFSSelector,AdaBoostClassifier,0.70824,0.0015,"{'model': AdaBoostClassifier(random_state=42), 'model__estimator': DecisionTreeClassifier(max_depth=1), 'model__learning_rate': 0.5, 'model__n_estimators': 60, 'selector': SFSSelector(verbose=False), 'selector__cv': 3, 'selector__k': 24, 'selector__max_depth_dt': 6}"
118,MutualInfoSelector,KNeighborsClassifier,0.70808,0.00154,"{'model': KNeighborsClassifier(), 'model__leaf_size': 45, 'model__metric': 'euclidean', 'model__n_neighbors': 16, 'model__weights': 'uniform', 'selector': MutualInfoSelector(verbose=False), 'selector__k': 23}"
119,ReliefFSelector,KNeighborsClassifier,0.70787,0.0003,"{'model': KNeighborsClassifier(), 'model__leaf_size': 21, 'model__metric': 'manhattan', 'model__n_neighbors': 15, 'model__weights': 'uniform', 'selector': ReliefFSelector(verbose=False), 'selector__k': 35, 'selector__n_neighbors': 11, 'selector__n_samples': 1000}"
120,ReliefFSelector,KNeighborsClassifier,0.70751,0.00126,"{'model': KNeighborsClassifier(), 'model__leaf_size': 36, 'model__metric': 'manhattan', 'model__n_neighbors': 16, 'model__weights': 'uniform', 'selector': ReliefFSelector(verbose=False), 'selector__k': 31, 'selector__n_neighbors': 6, 'selector__n_samples': 2000}"
121,AllFeaturesSelector,AdaBoostClassifier,0.7074,0.00187,"{'model': AdaBoostClassifier(random_state=42), 'model__estimator': DecisionTreeClassifier(max_depth=1), 'model__learning_rate': 1.0, 'model__n_estimators': 53, 'selector': AllFeaturesSelector()}"
122,EmbeddedDTSelector,KNeighborsClassifier,0.70731,0.00161,"{'model': KNeighborsClassifier(), 'model__leaf_size': 44, 'model__metric': 'euclidean', 'model__n_neighbors': 18, 'model__weights': 'uniform', 'selector': EmbeddedDTSelector(verbose=False), 'selector__max_depth': 14, 'selector__soglia': 0.02}"
123,AllFeaturesSelector,KNeighborsClassifier,0.70723,0.00128,"{'model': KNeighborsClassifier(), 'model__leaf_size': 20, 'model__metric': 'manhattan', 'model__n_neighbors': 21, 'model__weights': 'uniform', 'selector': AllFeaturesSelector()}"
123,AllFeaturesSelector,KNeighborsClassifier,0.70723,0.00128,"{'model': KNeighborsClassifier(), 'model__leaf_size': 48, 'model__metric': 'manhattan', 'model__n_neighbors': 21, 'model__weights': 'uniform', 'selector': AllFeaturesSelector()}"
125,ReliefFSelector,AdaBoostClassifier,0.70657,0.00168,"{'model': AdaBoostClassifier(random_state=42), 'model__estimator': DecisionTreeClassifier(max_depth=3), 'model__learning_rate': 1.0, 'model__n_estimators': 100, 'selector': ReliefFSelector(verbose=False), 'selector__k': 21, 'selector__n_neighbors': 9, 'selector__n_samples': 500}"
126,EmbeddedDTSelector,KNeighborsClassifier,0.70619,0.0011,"{'model': KNeighborsClassifier(), 'model__leaf_size': 47, 'model__metric': 'euclidean', 'model__n_neighbors': 20, 'model__weights': 'uniform', 'selector': EmbeddedDTSelector(verbose=False), 'selector__max_depth': 17, 'selector__soglia': 0.005}"
127,MutualInfoSelector,KNeighborsClassifier,0.70602,0.00128,"{'model': KNeighborsClassifier(), 'model__leaf_size': 42, 'model__metric': 'euclidean', 'model__n_neighbors': 15, 'model__weights': 'uniform', 'selector': MutualInfoSelector(verbose=False), 'selector__k': 25}"
128,AllFeaturesSelector,RandomForestClassifier,0.70575,0.00188,"{'model': RandomForestClassifier(random_state=42), 'model__class_weight': 'balanced', 'model__max_depth': None, 'model__min_samples_leaf': 3, 'model__n_estimators': 121, 'selector': AllFeaturesSelector()}"
129,MutualInfoSelector,AdaBoostClassifier,0.70574,0.00045,"{'model': AdaBoostClassifier(random_state=42), 'model__estimator': DecisionTreeClassifier(max_depth=2), 'model__learning_rate': 0.01, 'model__n_estimators': 214, 'selector': MutualInfoSelector(verbose=False), 'selector__k': 39}"
130,SFSSelector,RandomForestClassifier,0.70538,0.00387,"{'model': RandomForestClassifier(random_state=42), 'model__class_weight': 'balanced', 'model__max_depth': 20, 'model__n_estimators': 134, 'selector': SFSSelector(verbose=False), 'selector__cv': 3, 'selector__k': 10, 'selector__max_depth_dt': 8}"
131,AllFeaturesSelector,RandomForestClassifier,0.7052,0.00174,"{'model': RandomForestClassifier(random_state=42), 'model__class_weight': 'balanced', 'model__max_depth': None, 'model__min_samples_leaf': 3, 'model__n_estimators': 105, 'selector': AllFeaturesSelector()}"
132,EmbeddedDTSelector,RandomForestClassifier,0.70519,0.00017,"{'model': RandomForestClassifier(random_state=42), 'model__class_weight': None, 'model__max_depth': 30, 'model__min_samples_leaf': 1, 'model__n_estimators': 398, 'selector': EmbeddedDTSelector(verbose=False), 'selector__max_depth': 13, 'selector__soglia': 0.02}"
133,ReliefFSelector,RandomForestClassifier,0.70505,0.00175,"{'model': RandomForestClassifier(random_state=42), 'model__class_weight': 'balanced', 'model__max_depth': 20, 'model__min_samples_leaf': 2, 'model__n_estimators': 319, 'selector': ReliefFSelector(verbose=False), 'selector__k': 34, 'selector__n_neighbors': 16, 'selector__n_samples': 500}"
134,SFSSelector,RandomForestClassifier,0.7046,0.00421,"{'model': RandomForestClassifier(random_state=42), 'model__class_weight': 'balanced', 'model__max_depth': None, 'model__n_estimators': 259, 'selector': SFSSelector(verbose=False), 'selector__cv': 2, 'selector__k': 20, 'selector__max_depth_dt': 7}"
135,SFSSelector,RandomForestClassifier,0.70438,0.00734,"{'model': RandomForestClassifier(random_state=42), 'model__class_weight': 'balanced', 'model__max_depth': None, 'model__n_estimators': 256, 'selector': SFSSelector(verbose=False), 'selector__cv': 2, 'selector__k': 13, 'selector__max_depth_dt': 8}"
136,ReliefFSelector,KNeighborsClassifier,0.70401,0.00146,"{'model': KNeighborsClassifier(), 'model__leaf_size': 25, 'model__metric': 'manhattan', 'model__n_neighbors': 22, 'model__weights': 'distance', 'selector': ReliefFSelector(verbose=False), 'selector__k': 25, 'selector__n_neighbors': 8, 'selector__n_samples': 2000}"
137,ReliefFSelector,KNeighborsClassifier,0.70329,0.00148,"{'model': KNeighborsClassifier(), 'model__leaf_size': 41, 'model__metric': 'manhattan', 'model__n_neighbors': 10, 'model__weights': 'uniform', 'selector': ReliefFSelector(verbose=False), 'selector__k': 23, 'selector__n_neighbors': 9, 'selector__n_samples': 1000}"
138,MutualInfoSelector,KNeighborsClassifier,0.7027,0.00011,"{'model': KNeighborsClassifier(), 'model__leaf_size': 24, 'model__metric': 'manhattan', 'model__n_neighbors': 12, 'model__weights': 'uniform', 'selector': MutualInfoSelector(verbose=False), 'selector__k': 36}"
139,ReliefFSelector,AdaBoostClassifier,0.70266,0.00097,"{'model': AdaBoostClassifier(random_state=42), 'model__estimator': DecisionTreeClassifier(max_depth=1), 'model__learning_rate': 0.1, 'model__n_estimators': 196, 'selector': ReliefFSelector(verbose=False), 'selector__k': 30, 'selector__n_neighbors': 7, 'selector__n_samples': 1000}"
140,SFSSelector,RandomForestClassifier,0.70242,0.00552,"{'model': RandomForestClassifier(random_state=42), 'model__class_weight': 'balanced', 'model__max_depth': 20, 'model__n_estimators': 233, 'selector': SFSSelector(verbose=False), 'selector__cv': 3, 'selector__k': 12, 'selector__max_depth_dt': 9}"
141,MutualInfoSelector,KNeighborsClassifier,0.70226,0.00048,"{'model': KNeighborsClassifier(), 'model__leaf_size': 40, 'model__metric': 'manhattan', 'model__n_neighbors': 16, 'model__weights': 'distance', 'selector': MutualInfoSelector(verbose=False), 'selector__k': 36}"
142,ReliefFSelector,KNeighborsClassifier,0.70185,0.00109,"{'model': KNeighborsClassifier(), 'model__leaf_size': 36, 'model__metric': 'manhattan', 'model__n_neighbors': 19, 'model__weights': 'distance', 'selector': ReliefFSelector(verbose=False), 'selector__k': 34, 'selector__n_neighbors': 12, 'selector__n_samples': 500}"
143,SFSSelector,RandomForestClassifier,0.70177,0.01283,"{'model': RandomForestClassifier(random_state=42), 'model__class_weight': None, 'model__max_depth': None, 'model__n_estimators': 170, 'selector': SFSSelector(verbose=False), 'selector__cv': 2, 'selector__k': 17, 'selector__max_depth_dt': 5}"
144,AllFeaturesSelector,KNeighborsClassifier,0.70162,0.00093,"{'model': KNeighborsClassifier(), 'model__leaf_size': 21, 'model__metric': 'manhattan', 'model__n_neighbors': 19, 'model__weights': 'distance', 'selector': AllFeaturesSelector()}"
145,MutualInfoSelector,KNeighborsClassifier,0.70114,0.00118,"{'model': KNeighborsClassifier(), 'model__leaf_size': 47, 'model__metric': 'manhattan', 'model__n_neighbors': 9, 'model__weights': 'uniform', 'selector': MutualInfoSelector(verbose=False), 'selector__k': 31}"
146,SFSSelector,KNeighborsClassifier,0.70043,0.00205,"{'model': KNeighborsClassifier(), 'model__metric': 'manhattan', 'model__n_neighbors': 8, 'model__weights': 'uniform', 'selector': SFSSelector(verbose=False), 'selector__cv': 3, 'selector__k': 20, 'selector__max_depth_dt': 11}"
147,MutualInfoSelector,KNeighborsClassifier,0.7003,0.00139,"{'model': KNeighborsClassifier(), 'model__leaf_size': 43, 'model__metric': 'euclidean', 'model__n_neighbors': 10, 'model__weights': 'uniform', 'selector': MutualInfoSelector(verbose=False), 'selector__k': 24}"
148,SFSSelector,KNeighborsClassifier,0.70016,0.00261,"{'model': KNeighborsClassifier(), 'model__metric': 'manhattan', 'model__n_neighbors': 7, 'model__weights': 'uniform', 'selector': SFSSelector(verbose=False), 'selector__cv': 2, 'selector__k': 23, 'selector__max_depth_dt': 10}"
149,MutualInfoSelector,RandomForestClassifier,0.69998,0.00256,"{'model': RandomForestClassifier(random_state=42), 'model__class_weight': 'balanced', 'model__max_depth': 20, 'model__min_samples_leaf': 4, 'model__n_estimators': 246, 'selector': MutualInfoSelector(verbose=False), 'selector__k': 34}"
150,MutualInfoSelector,KNeighborsClassifier,0.69976,0.0003,"{'model': KNeighborsClassifier(), 'model__leaf_size': 25, 'model__metric': 'manhattan', 'model__n_neighbors': 14, 'model__weights': 'distance', 'selector': MutualInfoSelector(verbose=False), 'selector__k': 34}"
151,ReliefFSelector,RandomForestClassifier,0.69976,0.00958,"{'model': RandomForestClassifier(random_state=42), 'model__class_weight': 'balanced', 'model__max_depth': None, 'model__min_samples_leaf': 1, 'model__n_estimators': 227, 'selector': ReliefFSelector(verbose=False), 'selector__k': 21, 'selector__n_neighbors': 6, 'selector__n_samples': 500}"
152,EmbeddedDTSelector,KNeighborsClassifier,0.69972,0.00118,"{'model': KNeighborsClassifier(), 'model__leaf_size': 21, 'model__metric': 'euclidean', 'model__n_neighbors': 19, 'model__weights': 'distance', 'selector': EmbeddedDTSelector(verbose=False), 'selector__max_depth': 18, 'selector__soglia': 0.005}"
153,MutualInfoSelector,AdaBoostClassifier,0.69945,0.00023,"{'model': AdaBoostClassifier(random_state=42), 'model__estimator': DecisionTreeClassifier(max_depth=2), 'model__learning_rate': 0.01, 'model__n_estimators': 143, 'selector': MutualInfoSelector(verbose=False), 'selector__k': 38}"
154,AllFeaturesSelector,RandomForestClassifier,0.69917,0.00233,"{'model': RandomForestClassifier(random_state=42), 'model__class_weight': 'balanced', 'model__max_depth': 30, 'model__min_samples_leaf': 4, 'model__n_estimators': 251, 'selector': AllFeaturesSelector()}"
155,SFSSelector,AdaBoostClassifier,0.69873,0.00244,"{'model': AdaBoostClassifier(random_state=42), 'model__estimator': DecisionTreeClassifier(max_depth=1), 'model__learning_rate': 0.1, 'model__n_estimators': 100, 'selector': SFSSelector(verbose=False), 'selector__cv': 2, 'selector__k': 21, 'selector__max_depth_dt': 11}"
156,MutualInfoSelector,RandomForestClassifier,0.69869,0.00214,"{'model': RandomForestClassifier(random_state=42), 'model__class_weight': 'balanced', 'model__max_depth': None, 'model__min_samples_leaf': 6, 'model__n_estimators': 322, 'selector': MutualInfoSelector(verbose=False), 'selector__k': 37}"
157,AllFeaturesSelector,AdaBoostClassifier,0.69864,0.00066,"{'model': AdaBoostClassifier(random_state=42), 'model__estimator': DecisionTreeClassifier(max_depth=1), 'model__learning_rate': 0.05, 'model__n_estimators': 112, 'selector': AllFeaturesSelector()}"
158,EmbeddedDTSelector,KNeighborsClassifier,0.6986,0.00503,"{'model': KNeighborsClassifier(), 'model__leaf_size': 25, 'model__metric': 'manhattan', 'model__n_neighbors': 23, 'model__weights': 'distance', 'selector': EmbeddedDTSelector(verbose=False), 'selector__max_depth': 11, 'selector__soglia': 'mean'}"
159,MutualInfoSelector,RandomForestClassifier,0.69857,0.00289,"{'model': RandomForestClassifier(random_state=42), 'model__class_weight': 'balanced', 'model__max_depth': 20, 'model__min_samples_leaf': 5, 'model__n_estimators': 247, 'selector': MutualInfoSelector(verbose=False), 'selector__k': 25}"
160,AllFeaturesSelector,AdaBoostClassifier,0.69855,0.00093,"{'model': AdaBoostClassifier(random_state=42), 'model__estimator': DecisionTreeClassifier(max_depth=1), 'model__learning_rate': 0.1, 'model__n_estimators': 54, 'selector': AllFeaturesSelector()}"
161,SFSSelector,KNeighborsClassifier,0.69772,0.00179,"{'model': KNeighborsClassifier(), 'model__metric': 'manhattan', 'model__n_neighbors': 7, 'model__weights': 'uniform', 'selector': SFSSelector(verbose=False), 'selector__cv': 3, 'selector__k': 20, 'selector__max_depth_dt': 11}"
162,EmbeddedDTSelector,AdaBoostClassifier,0.69693,0.00112,"{'model': AdaBoostClassifier(random_state=42), 'model__estimator': DecisionTreeClassifier(max_depth=1), 'model__learning_rate': 0.05, 'model__n_estimators': 299, 'selector': EmbeddedDTSelector(verbose=False), 'selector__max_depth': 13, 'selector__soglia': 0.005}"
163,AllFeaturesSelector,KNeighborsClassifier,0.69689,0.00022,"{'model': KNeighborsClassifier(), 'model__leaf_size': 26, 'model__metric': 'manhattan', 'model__n_neighbors': 9, 'model__weights': 'uniform', 'selector': AllFeaturesSelector()}"
164,SFSSelector,AdaBoostClassifier,0.69626,0.0013,"{'model': AdaBoostClassifier(random_state=42), 'model__estimator': DecisionTreeClassifier(max_depth=1), 'model__learning_rate': 0.1, 'model__n_estimators': 134, 'selector': SFSSelector(verbose=False), 'selector__cv': 3, 'selector__k': 24, 'selector__max_depth_dt': 5}"
165,SFSSelector,KNeighborsClassifier,0.69614,0.00425,"{'model': KNeighborsClassifier(), 'model__metric': 'euclidean', 'model__n_neighbors': 19, 'model__weights': 'distance', 'selector': SFSSelector(verbose=False), 'selector__cv': 3, 'selector__k': 11, 'selector__max_depth_dt': 8}"
166,MutualInfoSelector,AdaBoostClassifier,0.69605,0.00282,"{'model': AdaBoostClassifier(random_state=42), 'model__estimator': DecisionTreeClassifier(max_depth=1), 'model__learning_rate': 0.05, 'model__n_estimators': 93, 'selector': MutualInfoSelector(verbose=False), 'selector__k': 27}"
167,MutualInfoSelector,RandomForestClassifier,0.69492,0.00216,"{'model': RandomForestClassifier(random_state=42), 'model__class_weight': 'balanced', 'model__max_depth': None, 'model__min_samples_leaf': 6, 'model__n_estimators': 286, 'selector': MutualInfoSelector(verbose=False), 'selector__k': 33}"
168,ReliefFSelector,KNeighborsClassifier,0.69473,0.00086,"{'model': KNeighborsClassifier(), 'model__leaf_size': 21, 'model__metric': 'euclidean', 'model__n_neighbors': 16, 'model__weights': 'distance', 'selector': ReliefFSelector(verbose=False), 'selector__k': 38, 'selector__n_neighbors': 18, 'selector__n_samples': 2000}"
169,MutualInfoSelector,KNeighborsClassifier,0.69468,0.00132,"{'model': KNeighborsClassifier(), 'model__leaf_size': 24, 'model__metric': 'manhattan', 'model__n_neighbors': 11, 'model__weights': 'distance', 'selector': MutualInfoSelector(verbose=False), 'selector__k': 35}"
170,AllFeaturesSelector,RandomForestClassifier,0.69432,0.00204,"{'model': RandomForestClassifier(random_state=42), 'model__class_weight': 'balanced', 'model__max_depth': 30, 'model__min_samples_leaf': 5, 'model__n_estimators': 321, 'selector': AllFeaturesSelector()}"
171,EmbeddedDTSelector,KNeighborsClassifier,0.69413,0.00197,"{'model': KNeighborsClassifier(), 'model__leaf_size': 37, 'model__metric': 'euclidean', 'model__n_neighbors': 14, 'model__weights': 'uniform', 'selector': EmbeddedDTSelector(verbose=False), 'selector__max_depth': 17, 'selector__soglia': 'median'}"
172,ReliefFSelector,KNeighborsClassifier,0.69321,0.00751,"{'model': KNeighborsClassifier(), 'model__leaf_size': 40, 'model__metric': 'manhattan', 'model__n_neighbors': 14, 'model__weights': 'distance', 'selector': ReliefFSelector(verbose=False), 'selector__k': 19, 'selector__n_neighbors': 11, 'selector__n_samples': 1000}"
173,SFSSelector,KNeighborsClassifier,0.69303,0.00302,"{'model': KNeighborsClassifier(), 'model__metric': 'manhattan', 'model__n_neighbors': 13, 'model__weights': 'distance', 'selector': SFSSelector(verbose=False), 'selector__cv': 3, 'selector__k': 16, 'selector__max_depth_dt': 8}"
174,EmbeddedDTSelector,RandomForestClassifier,0.69268,0.00246,"{'model': RandomForestClassifier(random_state=42), 'model__class_weight': 'balanced', 'model__max_depth': 30, 'model__min_samples_leaf': 7, 'model__n_estimators': 212, 'selector': EmbeddedDTSelector(verbose=False), 'selector__max_depth': 12, 'selector__soglia': 'mean'}"
175,EmbeddedDTSelector,RandomForestClassifier,0.69254,0.00213,"{'model': RandomForestClassifier(random_state=42), 'model__class_weight': 'balanced', 'model__max_depth': None, 'model__min_samples_leaf': 9, 'model__n_estimators': 386, 'selector': EmbeddedDTSelector(verbose=False), 'selector__max_depth': 13, 'selector__soglia': 0.005}"
176,ReliefFSelector,KNeighborsClassifier,0.69249,0.00119,"{'model': KNeighborsClassifier(), 'model__leaf_size': 24, 'model__metric': 'euclidean', 'model__n_neighbors': 14, 'model__weights': 'distance', 'selector': ReliefFSelector(verbose=False), 'selector__k': 36, 'selector__n_neighbors': 15, 'selector__n_samples': 2000}"
177,MutualInfoSelector,KNeighborsClassifier,0.69231,0.00042,"{'model': KNeighborsClassifier(), 'model__leaf_size': 29, 'model__metric': 'manhattan', 'model__n_neighbors': 9, 'model__weights': 'distance', 'selector': MutualInfoSelector(verbose=False), 'selector__k': 19}"
178,ReliefFSelector,AdaBoostClassifier,0.69212,0.00061,"{'model': AdaBoostClassifier(random_state=42), 'model__estimator': DecisionTreeClassifier(max_depth=2), 'model__learning_rate': 0.01, 'model__n_estimators': 98, 'selector': ReliefFSelector(verbose=False), 'selector__k': 28, 'selector__n_neighbors': 19, 'selector__n_samples': 2000}"
179,MutualInfoSelector,KNeighborsClassifier,0.69211,0.00205,"{'model': KNeighborsClassifier(), 'model__leaf_size': 25, 'model__metric': 'euclidean', 'model__n_neighbors': 7, 'model__weights': 'uniform', 'selector': MutualInfoSelector(verbose=False), 'selector__k': 26}"
180,MutualInfoSelector,RandomForestClassifier,0.69208,0.00199,"{'model': RandomForestClassifier(random_state=42), 'model__class_weight': 'balanced', 'model__max_depth': 30, 'model__min_samples_leaf': 8, 'model__n_estimators': 234, 'selector': MutualInfoSelector(verbose=False), 'selector__k': 17}"
181,EmbeddedDTSelector,KNeighborsClassifier,0.69207,0.00388,"{'model': KNeighborsClassifier(), 'model__leaf_size': 47, 'model__metric': 'euclidean', 'model__n_neighbors': 6, 'model__weights': 'uniform', 'selector': EmbeddedDTSelector(verbose=False), 'selector__max_depth': 10, 'selector__soglia': 0.01}"
182,EmbeddedDTSelector,KNeighborsClassifier,0.6919,0.00341,"{'model': KNeighborsClassifier(), 'model__leaf_size': 48, 'model__metric': 'manhattan', 'model__n_neighbors': 6, 'model__weights': 'uniform', 'selector': EmbeddedDTSelector(verbose=False), 'selector__max_depth': 12, 'selector__soglia': 0.02}"
183,AllFeaturesSelector,KNeighborsClassifier,0.69175,0.00083,"{'model': KNeighborsClassifier(), 'model__leaf_size': 43, 'model__metric': 'manhattan', 'model__n_neighbors': 7, 'model__weights': 'uniform', 'selector': AllFeaturesSelector()}"
184,AllFeaturesSelector,KNeighborsClassifier,0.69168,0.00141,"{'model': KNeighborsClassifier(), 'model__leaf_size': 44, 'model__metric': 'euclidean', 'model__n_neighbors': 17, 'model__weights': 'distance', 'selector': AllFeaturesSelector()}"
185,AllFeaturesSelector,AdaBoostClassifier,0.69147,0.00061,"{'model': AdaBoostClassifier(random_state=42), 'model__estimator': DecisionTreeClassifier(max_depth=1), 'model__learning_rate': 0.01, 'model__n_estimators': 78, 'selector': AllFeaturesSelector()}"
186,EmbeddedDTSelector,AdaBoostClassifier,0.69132,0.00096,"{'model': AdaBoostClassifier(random_state=42), 'model__estimator': DecisionTreeClassifier(max_depth=1), 'model__learning_rate': 0.01, 'model__n_estimators': 277, 'selector': EmbeddedDTSelector(verbose=False), 'selector__max_depth': 18, 'selector__soglia': 'mean'}"
187,EmbeddedDTSelector,AdaBoostClassifier,0.69129,0.00092,"{'model': AdaBoostClassifier(random_state=42), 'model__estimator': DecisionTreeClassifier(max_depth=1), 'model__learning_rate': 0.01, 'model__n_estimators': 253, 'selector': EmbeddedDTSelector(verbose=False), 'selector__max_depth': 17, 'selector__soglia': 0.02}"
188,ReliefFSelector,KNeighborsClassifier,0.69108,0.00639,"{'model': KNeighborsClassifier(), 'model__leaf_size': 36, 'model__metric': 'euclidean', 'model__n_neighbors': 19, 'model__weights': 'distance', 'selector': ReliefFSelector(verbose=False), 'selector__k': 16, 'selector__n_neighbors': 16, 'selector__n_samples': 1000}"
189,SFSSelector,KNeighborsClassifier,0.69103,0.00162,"{'model': KNeighborsClassifier(), 'model__metric': 'manhattan', 'model__n_neighbors': 10, 'model__weights': 'distance', 'selector': SFSSelector(verbose=False), 'selector__cv': 3, 'selector__k': 17, 'selector__max_depth_dt': 11}"
190,SFSSelector,AdaBoostClassifier,0.69102,0.0012,"{'model': AdaBoostClassifier(random_state=42), 'model__estimator': DecisionTreeClassifier(max_depth=1), 'model__learning_rate': 0.01, 'model__n_estimators': 66, 'selector': SFSSelector(verbose=False), 'selector__cv': 2, 'selector__k': 20, 'selector__max_depth_dt': 11}"
191,ReliefFSelector,AdaBoostClassifier,0.69098,0.00079,"{'model': AdaBoostClassifier(random_state=42), 'model__estimator': DecisionTreeClassifier(max_depth=1), 'model__learning_rate': 0.01, 'model__n_estimators': 52, 'selector': ReliefFSelector(verbose=False), 'selector__k': 21, 'selector__n_neighbors': 10, 'selector__n_samples': 2000}"
192,SFSSelector,AdaBoostClassifier,0.69092,0.001,"{'model': AdaBoostClassifier(random_state=42), 'model__estimator': DecisionTreeClassifier(max_depth=1), 'model__learning_rate': 0.01, 'model__n_estimators': 293, 'selector': SFSSelector(verbose=False), 'selector__cv': 3, 'selector__k': 16, 'selector__max_depth_dt': 7}"
193,SFSSelector,AdaBoostClassifier,0.69091,0.0012,"{'model': AdaBoostClassifier(random_state=42), 'model__estimator': DecisionTreeClassifier(max_depth=1), 'model__learning_rate': 0.01, 'model__n_estimators': 75, 'selector': SFSSelector(verbose=False), 'selector__cv': 3, 'selector__k': 10, 'selector__max_depth_dt': 5}"
194,SFSSelector,AdaBoostClassifier,0.6909,0.00088,"{'model': AdaBoostClassifier(random_state=42), 'model__estimator': DecisionTreeClassifier(max_depth=1), 'model__learning_rate': 0.01, 'model__n_estimators': 180, 'selector': SFSSelector(verbose=False), 'selector__cv': 2, 'selector__k': 21, 'selector__max_depth_dt': 10}"
195,MutualInfoSelector,RandomForestClassifier,0.69084,0.00197,"{'model': RandomForestClassifier(random_state=42), 'model__class_weight': 'balanced', 'model__max_depth': 20, 'model__min_samples_leaf': 8, 'model__n_estimators': 236, 'selector': MutualInfoSelector(verbose=False), 'selector__k': 37}"
196,SFSSelector,AdaBoostClassifier,0.69071,0.00039,"{'model': AdaBoostClassifier(random_state=42), 'model__estimator': DecisionTreeClassifier(max_depth=1), 'model__learning_rate': 0.05, 'model__n_estimators': 59, 'selector': SFSSelector(verbose=False), 'selector__cv': 3, 'selector__k': 23, 'selector__max_depth_dt': 6}"
197,MutualInfoSelector,KNeighborsClassifier,0.69068,0.00129,"{'model': KNeighborsClassifier(), 'model__leaf_size': 25, 'model__metric': 'euclidean', 'model__n_neighbors': 10, 'model__weights': 'distance', 'selector': MutualInfoSelector(verbose=False), 'selector__k': 27}"
198,AllFeaturesSelector,AdaBoostClassifier,0.69039,0.00076,"{'model': AdaBoostClassifier(random_state=42), 'model__estimator': DecisionTreeClassifier(max_depth=1), 'model__learning_rate': 0.01, 'model__n_estimators': 221, 'selector': AllFeaturesSelector()}"
199,EmbeddedDTSelector,AdaBoostClassifier,0.69028,0.00065,"{'model': AdaBoostClassifier(random_state=42), 'model__estimator': DecisionTreeClassifier(max_depth=1), 'model__learning_rate': 0.01, 'model__n_estimators': 268, 'selector': EmbeddedDTSelector(verbose=False), 'selector__max_depth': 18, 'selector__soglia': 'median'}"
200,MutualInfoSelector,RandomForestClassifier,0.68963,0.00253,"{'model': RandomForestClassifier(random_state=42), 'model__class_weight': 'balanced', 'model__max_depth': 20, 'model__min_samples_leaf': 8, 'model__n_estimators': 314, 'selector': MutualInfoSelector(verbose=False), 'selector__k': 39}"
201,SFSSelector,KNeighborsClassifier,0.68909,0.00442,"{'model': KNeighborsClassifier(), 'model__metric': 'euclidean', 'model__n_neighbors': 24, 'model__weights': 'distance', 'selector': SFSSelector(verbose=False), 'selector__cv': 3, 'selector__k': 15, 'selector__max_depth_dt': 5}"
202,AllFeaturesSelector,RandomForestClassifier,0.68811,0.00147,"{'model': RandomForestClassifier(random_state=42), 'model__class_weight': 'balanced', 'model__max_depth': None, 'model__min_samples_leaf': 7, 'model__n_estimators': 291, 'selector': AllFeaturesSelector()}"
203,ReliefFSelector,RandomForestClassifier,0.68617,0.00186,"{'model': RandomForestClassifier(random_state=42), 'model__class_weight': 'balanced', 'model__max_depth': None, 'model__min_samples_leaf': 8, 'model__n_estimators': 288, 'selector': ReliefFSelector(verbose=False), 'selector__k': 35, 'selector__n_neighbors': 11, 'selector__n_samples': 1000}"
204,AllFeaturesSelector,KNeighborsClassifier,0.68599,0.00118,"{'model': KNeighborsClassifier(), 'model__leaf_size': 43, 'model__metric': 'manhattan', 'model__n_neighbors': 8, 'model__weights': 'distance', 'selector': AllFeaturesSelector()}"
205,AllFeaturesSelector,RandomForestClassifier,0.68572,0.00146,"{'model': RandomForestClassifier(random_state=42), 'model__class_weight': 'balanced', 'model__max_depth': None, 'model__min_samples_leaf': 8, 'model__n_estimators': 336, 'selector': AllFeaturesSelector()}"
206,MutualInfoSelector,RandomForestClassifier,0.68538,0.00229,"{'model': RandomForestClassifier(random_state=42), 'model__class_weight': 'balanced', 'model__max_depth': 20, 'model__min_samples_leaf': 9, 'model__n_estimators': 208, 'selector': MutualInfoSelector(verbose=False), 'selector__k': 32}"
207,ReliefFSelector,RandomForestClassifier,0.68471,0.00247,"{'model': RandomForestClassifier(random_state=42), 'model__class_weight': 'balanced', 'model__max_depth': 30, 'model__min_samples_leaf': 9, 'model__n_estimators': 113, 'selector': ReliefFSelector(verbose=False), 'selector__k': 32, 'selector__n_neighbors': 14, 'selector__n_samples': 500}"
208,ReliefFSelector,KNeighborsClassifier,0.6845,0.00206,"{'model': KNeighborsClassifier(), 'model__leaf_size': 42, 'model__metric': 'manhattan', 'model__n_neighbors': 7, 'model__weights': 'distance', 'selector': ReliefFSelector(verbose=False), 'selector__k': 31, 'selector__n_neighbors': 11, 'selector__n_samples': 500}"
209,EmbeddedDTSelector,KNeighborsClassifier,0.68448,0.00252,"{'model': KNeighborsClassifier(), 'model__leaf_size': 23, 'model__metric': 'euclidean', 'model__n_neighbors': 9, 'model__weights': 'distance', 'selector': EmbeddedDTSelector(verbose=False), 'selector__max_depth': 10, 'selector__soglia': 'median'}"
210,EmbeddedDTSelector,KNeighborsClassifier,0.68413,0.00046,"{'model': KNeighborsClassifier(), 'model__leaf_size': 41, 'model__metric': 'manhattan', 'model__n_neighbors': 11, 'model__weights': 'distance', 'selector': EmbeddedDTSelector(verbose=False), 'selector__max_depth': 8, 'selector__soglia': 'mean'}"
211,ReliefFSelector,KNeighborsClassifier,0.68352,0.00098,"{'model': KNeighborsClassifier(), 'model__leaf_size': 46, 'model__metric': 'euclidean', 'model__n_neighbors': 4, 'model__weights': 'uniform', 'selector': ReliefFSelector(verbose=False), 'selector__k': 15, 'selector__n_neighbors': 16, 'selector__n_samples': 2000}"
212,AllFeaturesSelector,RandomForestClassifier,0.68349,0.00207,"{'model': RandomForestClassifier(random_state=42), 'model__class_weight': 'balanced', 'model__max_depth': 30, 'model__min_samples_leaf': 9, 'model__n_estimators': 175, 'selector': AllFeaturesSelector()}"
213,ReliefFSelector,RandomForestClassifier,0.68334,0.00184,"{'model': RandomForestClassifier(random_state=42), 'model__class_weight': 'balanced', 'model__max_depth': 30, 'model__min_samples_leaf': 9, 'model__n_estimators': 159, 'selector': ReliefFSelector(verbose=False), 'selector__k': 31, 'selector__n_neighbors': 6, 'selector__n_samples': 500}"
214,SFSSelector,RandomForestClassifier,0.68322,0.01878,"{'model': RandomForestClassifier(random_state=42), 'model__class_weight': 'balanced', 'model__max_depth': None, 'model__n_estimators': 110, 'selector': SFSSelector(verbose=False), 'selector__cv': 2, 'selector__k': 10, 'selector__max_depth_dt': 10}"
215,ReliefFSelector,KNeighborsClassifier,0.68265,0.00177,"{'model': KNeighborsClassifier(), 'model__leaf_size': 46, 'model__metric': 'euclidean', 'model__n_neighbors': 8, 'model__weights': 'distance', 'selector': ReliefFSelector(verbose=False), 'selector__k': 19, 'selector__n_neighbors': 8, 'selector__n_samples': 1000}"
216,SFSSelector,KNeighborsClassifier,0.68214,0.00347,"{'model': KNeighborsClassifier(), 'model__metric': 'manhattan', 'model__n_neighbors': 8, 'model__weights': 'distance', 'selector': SFSSelector(verbose=False), 'selector__cv': 2, 'selector__k': 12, 'selector__max_depth_dt': 10}"
217,SFSSelector,KNeighborsClassifier,0.68196,0.01088,"{'model': KNeighborsClassifier(), 'model__metric': 'manhattan', 'model__n_neighbors': 23, 'model__weights': 'distance', 'selector': SFSSelector(verbose=False), 'selector__cv': 2, 'selector__k': 11, 'selector__max_depth_dt': 11}"
218,AllFeaturesSelector,RandomForestClassifier,0.6816,0.00192,"{'model': RandomForestClassifier(random_state=42), 'model__class_weight': 'balanced', 'model__max_depth': 20, 'model__min_samples_leaf': 9, 'model__n_estimators': 150, 'selector': AllFeaturesSelector()}"
219,ReliefFSelector,KNeighborsClassifier,0.6813,0.0007,"{'model': KNeighborsClassifier(), 'model__leaf_size': 40, 'model__metric': 'manhattan', 'model__n_neighbors': 10, 'model__weights': 'distance', 'selector': ReliefFSelector(verbose=False), 'selector__k': 17, 'selector__n_neighbors': 10, 'selector__n_samples': 500}"
220,SFSSelector,KNeighborsClassifier,0.68063,0.004,"{'model': KNeighborsClassifier(), 'model__metric': 'manhattan', 'model__n_neighbors': 7, 'model__weights': 'distance', 'selector': SFSSelector(verbose=False), 'selector__cv': 3, 'selector__k': 19, 'selector__max_depth_dt': 6}"
221,MutualInfoSelector,KNeighborsClassifier,0.67877,0.00056,"{'model': KNeighborsClassifier(), 'model__leaf_size': 41, 'model__metric': 'euclidean', 'model__n_neighbors': 8, 'model__weights': 'distance', 'selector': MutualInfoSelector(verbose=False), 'selector__k': 37}"
222,SFSSelector,KNeighborsClassifier,0.67778,0.00927,"{'model': KNeighborsClassifier(), 'model__metric': 'euclidean', 'model__n_neighbors': 13, 'model__weights': 'distance', 'selector': SFSSelector(verbose=False), 'selector__cv': 2, 'selector__k': 12, 'selector__max_depth_dt': 11}"
223,ReliefFSelector,KNeighborsClassifier,0.67389,0.00172,"{'model': KNeighborsClassifier(), 'model__leaf_size': 39, 'model__metric': 'manhattan', 'model__n_neighbors': 5, 'model__weights': 'distance', 'selector': ReliefFSelector(verbose=False), 'selector__k': 39, 'selector__n_neighbors': 7, 'selector__n_samples': 500}"
224,AllFeaturesSelector,KNeighborsClassifier,0.67235,0.00086,"{'model': KNeighborsClassifier(), 'model__leaf_size': 31, 'model__metric': 'euclidean', 'model__n_neighbors': 5, 'model__weights': 'uniform', 'selector': AllFeaturesSelector()}"
225,EmbeddedDTSelector,KNeighborsClassifier,0.67228,0.00127,"{'model': KNeighborsClassifier(), 'model__leaf_size': 42, 'model__metric': 'euclidean', 'model__n_neighbors': 6, 'model__weights': 'distance', 'selector': EmbeddedDTSelector(verbose=False), 'selector__max_depth': 9, 'selector__soglia': 'median'}"
226,MutualInfoSelector,RandomForestClassifier,0.67135,0.00212,"{'model': RandomForestClassifier(random_state=42), 'model__class_weight': 'balanced', 'model__max_depth': 10, 'model__min_samples_leaf': 2, 'model__n_estimators': 314, 'selector': MutualInfoSelector(verbose=False), 'selector__k': 19}"
227,SFSSelector,RandomForestClassifier,0.67117,0.0027,"{'model': RandomForestClassifier(random_state=42), 'model__class_weight': 'balanced', 'model__max_depth': 10, 'model__n_estimators': 146, 'selector': SFSSelector(verbose=False), 'selector__cv': 2, 'selector__k': 16, 'selector__max_depth_dt': 8}"
228,ReliefFSelector,RandomForestClassifier,0.6703,0.00213,"{'model': RandomForestClassifier(random_state=42), 'model__class_weight': 'balanced', 'model__max_depth': 10, 'model__min_samples_leaf': 5, 'model__n_estimators': 260, 'selector': ReliefFSelector(verbose=False), 'selector__k': 31, 'selector__n_neighbors': 17, 'selector__n_samples': 2000}"
229,MutualInfoSelector,KNeighborsClassifier,0.67011,0.00132,"{'model': KNeighborsClassifier(), 'model__leaf_size': 20, 'model__metric': 'manhattan', 'model__n_neighbors': 3, 'model__weights': 'uniform', 'selector': MutualInfoSelector(verbose=False), 'selector__k': 16}"
230,SFSSelector,RandomForestClassifier,0.67003,0.00288,"{'model': RandomForestClassifier(random_state=42), 'model__class_weight': 'balanced', 'model__max_depth': 10, 'model__n_estimators': 181, 'selector': SFSSelector(verbose=False), 'selector__cv': 3, 'selector__k': 15, 'selector__max_depth_dt': 7}"
231,SFSSelector,RandomForestClassifier,0.66986,0.00241,"{'model': RandomForestClassifier(random_state=42), 'model__class_weight': 'balanced', 'model__max_depth': 10, 'model__n_estimators': 258, 'selector': SFSSelector(verbose=False), 'selector__cv': 2, 'selector__k': 22, 'selector__max_depth_dt': 8}"
232,MutualInfoSelector,RandomForestClassifier,0.66905,0.00191,"{'model': RandomForestClassifier(random_state=42), 'model__class_weight': 'balanced', 'model__max_depth': 10, 'model__min_samples_leaf': 6, 'model__n_estimators': 200, 'selector': MutualInfoSelector(verbose=False), 'selector__k': 15}"
233,ReliefFSelector,RandomForestClassifier,0.66902,0.00247,"{'model': RandomForestClassifier(random_state=42), 'model__class_weight': 'balanced', 'model__max_depth': 10, 'model__min_samples_leaf': 6, 'model__n_estimators': 199, 'selector': ReliefFSelector(verbose=False), 'selector__k': 16, 'selector__n_neighbors': 8, 'selector__n_samples': 2000}"
234,SFSSelector,RandomForestClassifier,0.66898,0.00185,"{'model': RandomForestClassifier(random_state=42), 'model__class_weight': 'balanced', 'model__max_depth': 10, 'model__n_estimators': 286, 'selector': SFSSelector(verbose=False), 'selector__cv': 3, 'selector__k': 12, 'selector__max_depth_dt': 11}"
235,ReliefFSelector,RandomForestClassifier,0.6689,0.00326,"{'model': RandomForestClassifier(random_state=42), 'model__class_weight': 'balanced', 'model__max_depth': 10, 'model__min_samples_leaf': 3, 'model__n_estimators': 224, 'selector': ReliefFSelector(verbose=False), 'selector__k': 20, 'selector__n_neighbors': 5, 'selector__n_samples': 2000}"
236,ReliefFSelector,RandomForestClassifier,0.66881,0.00194,"{'model': RandomForestClassifier(random_state=42), 'model__class_weight': 'balanced', 'model__max_depth': 10, 'model__min_samples_leaf': 5, 'model__n_estimators': 203, 'selector': ReliefFSelector(verbose=False), 'selector__k': 22, 'selector__n_neighbors': 7, 'selector__n_samples': 2000}"
237,EmbeddedDTSelector,RandomForestClassifier,0.66879,0.00239,"{'model': RandomForestClassifier(random_state=42), 'model__class_weight': 'balanced', 'model__max_depth': 10, 'model__min_samples_leaf': 1, 'model__n_estimators': 177, 'selector': EmbeddedDTSelector(verbose=False), 'selector__max_depth': 17, 'selector__soglia': 0.02}"
238,MutualInfoSelector,KNeighborsClassifier,0.66842,0.00055,"{'model': KNeighborsClassifier(), 'model__leaf_size': 42, 'model__metric': 'euclidean', 'model__n_neighbors': 5, 'model__weights': 'distance', 'selector': MutualInfoSelector(verbose=False), 'selector__k': 32}"
239,ReliefFSelector,RandomForestClassifier,0.66837,0.00313,"{'model': RandomForestClassifier(random_state=42), 'model__class_weight': 'balanced', 'model__max_depth': 10, 'model__min_samples_leaf': 9, 'model__n_estimators': 244, 'selector': ReliefFSelector(verbose=False), 'selector__k': 27, 'selector__n_neighbors': 8, 'selector__n_samples': 500}"
240,EmbeddedDTSelector,RandomForestClassifier,0.66827,0.00073,"{'model': RandomForestClassifier(random_state=42), 'model__class_weight': 'balanced', 'model__max_depth': 10, 'model__min_samples_leaf': 8, 'model__n_estimators': 328, 'selector': EmbeddedDTSelector(verbose=False), 'selector__max_depth': 16, 'selector__soglia': 'mean'}"
241,ReliefFSelector,KNeighborsClassifier,0.66818,0.00095,"{'model': KNeighborsClassifier(), 'model__leaf_size': 25, 'model__metric': 'euclidean', 'model__n_neighbors': 5, 'model__weights': 'distance', 'selector': ReliefFSelector(verbose=False), 'selector__k': 31, 'selector__n_neighbors': 9, 'selector__n_samples': 1000}"
242,AllFeaturesSelector,RandomForestClassifier,0.66784,0.00226,"{'model': RandomForestClassifier(random_state=42), 'model__class_weight': 'balanced', 'model__max_depth': 10, 'model__min_samples_leaf': 2, 'model__n_estimators': 352, 'selector': AllFeaturesSelector()}"
243,EmbeddedDTSelector,RandomForestClassifier,0.66741,0.00189,"{'model': RandomForestClassifier(random_state=42), 'model__class_weight': 'balanced', 'model__max_depth': 10, 'model__min_samples_leaf': 8, 'model__n_estimators': 229, 'selector': EmbeddedDTSelector(verbose=False), 'selector__max_depth': 11, 'selector__soglia': 'mean'}"
244,AllFeaturesSelector,KNeighborsClassifier,0.66351,0.00157,"{'model': KNeighborsClassifier(), 'model__leaf_size': 25, 'model__metric': 'euclidean', 'model__n_neighbors': 4, 'model__weights': 'uniform', 'selector': AllFeaturesSelector()}"
245,MutualInfoSelector,KNeighborsClassifier,0.66289,0.00128,"{'model': KNeighborsClassifier(), 'model__leaf_size': 46, 'model__metric': 'manhattan', 'model__n_neighbors': 3, 'model__weights': 'distance', 'selector': MutualInfoSelector(verbose=False), 'selector__k': 20}"
246,MutualInfoSelector,KNeighborsClassifier,0.66242,0.00143,"{'model': KNeighborsClassifier(), 'model__leaf_size': 26, 'model__metric': 'manhattan', 'model__n_neighbors': 3, 'model__weights': 'distance', 'selector': MutualInfoSelector(verbose=False), 'selector__k': 19}"
247,SFSSelector,RandomForestClassifier,0.66205,0.00763,"{'model': RandomForestClassifier(random_state=42), 'model__class_weight': 'balanced', 'model__max_depth': 10, 'model__n_estimators': 257, 'selector': SFSSelector(verbose=False), 'selector__cv': 2, 'selector__k': 10, 'selector__max_depth_dt': 11}"
248,AllFeaturesSelector,KNeighborsClassifier,0.66105,0.0007,"{'model': KNeighborsClassifier(), 'model__leaf_size': 27, 'model__metric': 'manhattan', 'model__n_neighbors': 4, 'model__weights': 'distance', 'selector': AllFeaturesSelector()}"
249,ReliefFSelector,KNeighborsClassifier,0.65779,0.00082,"{'model': KNeighborsClassifier(), 'model__leaf_size': 31, 'model__metric': 'manhattan', 'model__n_neighbors': 3, 'model__weights': 'distance', 'selector': ReliefFSelector(verbose=False), 'selector__k': 37, 'selector__n_neighbors': 11, 'selector__n_samples': 1000}"
250,EmbeddedDTSelector,KNeighborsClassifier,0.65108,0.00144,"{'model': KNeighborsClassifier(), 'model__leaf_size': 32, 'model__metric': 'euclidean', 'model__n_neighbors': 3, 'model__weights': 'distance', 'selector': EmbeddedDTSelector(verbose=False), 'selector__max_depth': 8, 'selector__soglia': 'median'}"
